{
  "accuracy": 0.79,
  "macro_f1": 0.7891418977568734,
  "classification_report": {
    "positive": {
      "precision": 0.75,
      "recall": 0.66,
      "f1-score": 0.7021276595744681,
      "support": 50.0
    },
    "neutral": {
      "precision": 0.8461538461538461,
      "recall": 0.88,
      "f1-score": 0.8627450980392157,
      "support": 50.0
    },
    "negative": {
      "precision": 0.8666666666666667,
      "recall": 0.78,
      "f1-score": 0.8210526315789474,
      "support": 50.0
    },
    "sarcasm": {
      "precision": 0.711864406779661,
      "recall": 0.84,
      "f1-score": 0.7706422018348624,
      "support": 50.0
    },
    "accuracy": 0.79,
    "macro avg": {
      "precision": 0.7936712299000435,
      "recall": 0.79,
      "f1-score": 0.7891418977568734,
      "support": 200.0
    },
    "weighted avg": {
      "precision": 0.7936712299000435,
      "recall": 0.79,
      "f1-score": 0.7891418977568734,
      "support": 200.0
    }
  }
}