{
  "accuracy": 0.925,
  "macro_f1": 0.9246267970450296,
  "classification_report": {
    "positive": {
      "precision": 0.9555555555555556,
      "recall": 0.86,
      "f1-score": 0.9052631578947369,
      "support": 50.0
    },
    "neutral": {
      "precision": 0.9230769230769231,
      "recall": 0.96,
      "f1-score": 0.9411764705882353,
      "support": 50.0
    },
    "negative": {
      "precision": 0.9230769230769231,
      "recall": 0.96,
      "f1-score": 0.9411764705882353,
      "support": 50.0
    },
    "sarcasm": {
      "precision": 0.9019607843137255,
      "recall": 0.92,
      "f1-score": 0.9108910891089109,
      "support": 50.0
    },
    "accuracy": 0.925,
    "macro avg": {
      "precision": 0.9259175465057817,
      "recall": 0.9249999999999999,
      "f1-score": 0.9246267970450295,
      "support": 200.0
    },
    "weighted avg": {
      "precision": 0.9259175465057818,
      "recall": 0.925,
      "f1-score": 0.9246267970450296,
      "support": 200.0
    }
  }
}